City_ID,City,Country,Date,Lat,Lng,Max Temp,Humidity,Cloudiness,Wind Speed
0,Galle,LK,2022-02-06 18:47:48,6.0367,80.217,77.41,80,97,0.96
1,Cape Town,ZA,2022-02-06 18:47:48,-33.9258,18.4232,69.1,75,20,5.75
2,Constitucion,CL,2022-02-06 18:47:49,-35.3333,-72.4167,71.74,56,13,9.75
3,Albany,US,2022-02-06 18:44:54,42.6001,-73.9662,27.82,49,13,3.0
4,Kavieng,PG,2022-02-06 18:46:26,-2.5744,150.7967,81.16,77,82,3.47
5,Tres Picos,MX,2022-02-06 18:47:50,15.8667,-93.5333,88.03,39,11,2.66
6,Nikolskoye,RU,2022-02-06 18:47:50,59.7035,30.7861,35.87,94,100,12.28
7,Georgetown,MY,2022-02-06 18:47:51,5.4112,100.3354,78.73,92,40,0.0
8,Nefteyugansk,RU,2022-02-06 18:47:51,61.0998,72.6035,-1.86,98,35,8.5
9,Valley,US,2022-02-06 18:47:52,45.1277,-116.1262,11.01,85,9,3.76
10,Kutum,SD,2022-02-06 18:47:52,14.2,24.6667,57.52,16,38,12.1
11,Arraial Do Cabo,BR,2022-02-06 18:45:55,-22.9661,-42.0278,89.56,62,0,19.57
12,Hobart,AU,2022-02-06 18:47:20,-42.8794,147.3294,53.06,87,5,1.01
13,Ushuaia,AR,2022-02-06 18:47:02,-54.8,-68.3,60.46,59,75,17.27
14,Port Alfred,ZA,2022-02-06 18:47:53,-33.5906,26.891,75.02,82,47,26.22
15,Asyut,EG,2022-02-06 18:47:53,27.181,31.1837,57.38,43,0,8.93
16,Kijang,KR,2022-02-06 18:47:54,35.2442,129.2139,24.53,47,0,5.66
17,Mataura,NZ,2022-02-06 18:47:54,-46.1927,168.8643,41.49,90,10,0.92
18,Dondo,MZ,2022-02-06 18:47:55,-19.6094,34.7431,80.11,93,7,5.35
19,High Level,CA,2022-02-06 18:47:55,58.5169,-117.136,34.23,85,28,5.82
20,Punta Arenas,CL,2022-02-06 18:43:41,-53.15,-70.9167,69.91,49,75,16.11
21,Bredasdorp,ZA,2022-02-06 18:47:02,-34.5322,20.0403,70.92,73,0,8.05
22,East London,ZA,2022-02-06 18:47:57,-33.0153,27.9116,72.54,88,20,12.66
23,Tuktoyaktuk,CA,2022-02-06 18:46:01,69.4541,-133.0374,-22.0,76,100,18.41
24,Cherskiy,RU,2022-02-06 18:47:57,68.75,161.3,-31.16,100,24,1.1
25,Araguaina,BR,2022-02-06 18:47:58,-7.1911,-48.2072,85.91,63,92,1.43
26,Cayenne,GF,2022-02-06 18:47:58,4.9333,-52.3333,82.09,85,100,4.0
27,Toktogul,KG,2022-02-06 18:47:59,41.8708,72.9402,27.46,92,100,2.53
28,Tasiilaq,GL,2022-02-06 18:47:59,65.6145,-37.6368,23.16,62,100,35.54
29,Denia,ES,2022-02-06 18:48:00,38.8408,0.1057,57.74,81,54,1.99
30,Naze,JP,2022-02-06 18:48:00,28.3667,129.4833,51.8,63,100,6.98
31,Alugan,PH,2022-02-06 18:48:01,12.2188,125.4808,79.27,80,47,14.16
32,Bluff,NZ,2022-02-06 18:48:01,-46.6,168.3333,41.81,78,6,4.79
33,Alice Springs,AU,2022-02-06 18:43:11,-23.7,133.8833,62.15,82,0,4.61
34,Butaritari,KI,2022-02-06 18:48:02,3.0707,172.7902,81.39,77,34,15.23
35,Kaitangata,NZ,2022-02-06 18:47:02,-46.2817,169.8464,43.86,88,10,1.45
36,Carnarvon,AU,2022-02-06 18:48:02,-24.8667,113.6333,75.27,69,100,21.85
37,Sistranda,NO,2022-02-06 18:48:03,63.7256,8.834,39.16,64,100,34.31
38,Saint-Philippe,RE,2022-02-06 18:48:03,-21.3585,55.7679,78.39,80,99,15.5
39,Rikitea,PF,2022-02-06 18:47:23,-23.1203,-134.9692,79.09,70,2,16.75
40,Batagay-Alyta,RU,2022-02-06 18:48:04,67.8006,130.4114,-24.63,99,100,2.48
41,Avera,US,2022-02-06 18:48:04,33.194,-82.5271,49.71,44,100,9.4
42,Qaanaaq,GL,2022-02-06 18:48:05,77.484,-69.3632,-12.6,58,32,8.34
43,Chokurdakh,RU,2022-02-06 18:48:05,70.6333,147.9167,-39.37,100,87,2.51
44,Henties Bay,NA,2022-02-06 18:49:05,-22.116,14.2845,70.86,80,79,9.53
45,Busselton,AU,2022-02-06 18:44:55,-33.65,115.3333,54.09,53,64,17.92
46,Mabaruma,GY,2022-02-06 18:49:06,8.2,-59.7833,76.84,94,97,4.09
47,Avarua,CK,2022-02-06 18:49:06,-21.2078,-159.775,77.05,88,85,10.36
48,Kaeo,NZ,2022-02-06 18:49:07,-35.1,173.7833,73.33,98,100,4.65
49,Norman Wells,CA,2022-02-06 18:46:50,65.282,-126.8329,-14.76,70,75,12.66
50,Mar Del Plata,AR,2022-02-06 18:46:41,-38.0023,-57.5575,66.22,89,100,24.0
51,Srednekolymsk,RU,2022-02-06 18:49:08,67.45,153.6833,-36.83,100,58,1.28
52,Okhotsk,RU,2022-02-06 18:49:08,59.3833,143.3,-0.83,69,100,12.15
53,Saint-Augustin,CA,2022-02-06 18:48:46,51.226,-58.6502,-1.89,71,6,14.27
54,Tiznit,MA,2022-02-06 18:49:09,29.5833,-9.5,63.91,39,6,3.11
55,Kodiak,US,2022-02-06 18:47:07,57.79,-152.4072,36.91,70,0,5.75
56,Ati,TD,2022-02-06 18:49:10,13.2154,18.3353,72.63,14,0,10.29
57,Havoysund,NO,2022-02-06 18:49:10,70.9963,24.6622,27.48,72,3,26.04
58,Vaini,TO,2022-02-06 18:49:10,-21.2,-175.2,75.36,94,100,12.66
59,Tukrah,LY,2022-02-06 18:49:11,32.5341,20.5791,57.85,70,100,5.84
60,Itarema,BR,2022-02-06 18:49:11,-2.9248,-39.9167,84.34,65,100,13.89
61,Mana,GF,2022-02-06 18:49:12,5.6592,-53.7767,81.79,73,98,7.92
62,Lebu,CL,2022-02-06 18:48:09,-37.6167,-73.65,66.25,64,0,13.42
63,Havre-Saint-Pierre,CA,2022-02-06 18:49:12,50.2334,-63.5986,5.59,51,0,16.11
64,Aktau,KZ,2022-02-06 18:46:47,43.65,51.2,36.18,63,100,13.56
65,Faanui,PF,2022-02-06 18:49:13,-16.4833,-151.75,81.23,75,100,22.88
66,Kapaa,US,2022-02-06 18:46:13,22.0752,-159.319,73.72,84,75,11.5
67,Clyde River,CA,2022-02-06 18:45:50,70.4692,-68.5914,-32.57,75,0,5.75
68,Namtsy,RU,2022-02-06 18:49:14,62.7161,129.6658,-34.49,100,98,3.15
69,Muroto,JP,2022-02-06 18:49:14,33.2833,134.15,40.28,55,22,9.75
70,Shingu,JP,2022-02-06 18:49:14,33.7333,135.9833,38.91,73,33,6.02
71,Port Augusta,AU,2022-02-06 18:46:45,-32.5,137.7667,71.71,32,1,12.28
72,Bonthe,SL,2022-02-06 18:49:15,7.5264,-12.505,80.64,75,36,10.45
73,Verkhnevilyuysk,RU,2022-02-06 18:44:53,63.4453,120.3167,-7.22,98,100,5.66
74,Puerto Ayora,EC,2022-02-06 18:45:32,-0.7393,-90.3518,84.16,86,58,8.01
75,Pontes E Lacerda,BR,2022-02-06 18:49:16,-15.2261,-59.3353,81.3,74,97,8.1
76,Acapulco,MX,2022-02-06 18:49:17,16.8634,-99.8901,84.97,51,40,10.65
77,Saskylakh,RU,2022-02-06 18:46:59,71.9167,114.0833,-24.65,100,95,1.61
78,Upernavik,GL,2022-02-06 18:46:54,72.7868,-56.1549,-12.98,97,100,6.58
79,Goure,NE,2022-02-06 18:49:18,13.9835,10.2704,67.1,12,0,9.46
80,Howard Springs,AU,2022-02-06 18:49:18,-12.497,131.047,78.71,98,86,2.89
81,Saravan,AM,2022-02-06 18:49:18,39.7196,45.6483,21.85,76,36,6.69
82,Sibolga,ID,2022-02-06 18:49:19,1.7427,98.7792,75.07,89,100,3.27
83,Coromandel,BR,2022-02-06 18:44:25,-18.4733,-47.2003,67.66,95,100,4.81
84,Harper,LR,2022-02-06 18:49:20,4.375,-7.7169,80.11,80,100,10.74
85,Sisimiut,GL,2022-02-06 18:49:20,66.9395,-53.6735,0.61,95,100,10.74
86,Rincon,US,2022-02-06 18:49:21,32.296,-81.2354,44.51,75,100,14.97
87,Kathu,TH,2022-02-06 18:49:21,7.9178,98.3332,78.62,79,31,9.22
88,Nome,US,2022-02-06 18:49:22,64.5011,-165.4064,-0.33,50,0,8.05
89,Beringovskiy,RU,2022-02-06 18:48:54,63.05,179.3167,-18.35,98,46,7.49
90,Geraldton,AU,2022-02-06 18:45:32,-28.7667,114.6,70.21,49,100,10.36
91,Manokwari,ID,2022-02-06 18:49:17,-0.8667,134.0833,77.9,78,100,2.86
92,Isangel,VU,2022-02-06 18:50:23,-19.55,169.2667,77.11,94,100,13.8
93,Lompoc,US,2022-02-06 18:49:49,34.6391,-120.4579,75.13,42,0,5.75
94,Jamestown,US,2022-02-06 18:47:22,42.097,-79.2353,34.02,35,0,8.01
95,Mahebourg,MU,2022-02-06 18:50:24,-20.4081,57.7,79.25,89,40,11.5
96,Hermanus,ZA,2022-02-06 18:50:24,-34.4187,19.2345,67.89,89,9,8.19
97,Port Hardy,CA,2022-02-06 18:50:25,50.6996,-127.4199,46.76,81,100,14.97
98,Mount Gambier,AU,2022-02-06 18:50:07,-37.8333,140.7667,60.71,67,0,6.91
99,Thompson,CA,2022-02-06 18:50:26,55.7435,-97.8558,-11.04,64,20,4.61
100,Robertsport,LR,2022-02-06 18:50:26,6.7533,-11.3686,80.91,83,0,11.63
101,Chuy,UY,2022-02-06 18:50:27,-33.6971,-53.4616,75.27,39,3,16.82
102,Taywarah,AF,2022-02-06 18:50:27,33.35,64.4167,8.51,70,0,2.71
103,Ende,ID,2022-02-06 18:50:27,-8.8432,121.6623,78.51,88,33,5.53
104,Hamilton,US,2022-02-06 18:48:59,39.1834,-84.5333,39.74,59,0,1.99
105,Longyearbyen,SJ,2022-02-06 18:47:20,78.2186,15.6401,17.44,67,40,18.41
106,Iqaluit,CA,2022-02-06 18:50:28,63.7506,-68.5145,-32.31,66,20,1.99
107,Ponta Do Sol,PT,2022-02-06 18:50:29,32.6667,-17.1,63.23,53,6,10.54
108,San Patricio,US,2022-02-06 18:50:29,28.017,-97.5169,64.49,60,6,5.26
109,Asau,RO,2022-02-06 18:47:44,46.4333,26.4,41.4,54,100,6.15
110,Mogadishu,SO,2022-02-06 18:50:30,2.0371,45.3438,77.38,82,43,19.01
111,Ribeira Grande,PT,2022-02-06 18:50:30,38.5167,-28.7,63.0,82,75,12.66
112,Vadlapudi,IN,2022-02-06 18:50:31,14.3167,79.8,71.15,79,100,5.35
113,Ilulissat,GL,2022-02-06 18:50:02,69.2167,-51.1,-1.14,92,100,2.19
114,Samarai,PG,2022-02-06 18:50:32,-10.6167,150.6667,81.55,78,100,10.76
115,Hendaye,FR,2022-02-06 18:50:32,43.3717,-1.7738,51.01,76,100,4.61
116,Guerrero Negro,MX,2022-02-06 18:50:33,27.9769,-114.0611,66.49,26,0,4.5
117,Palmer,US,2022-02-06 18:50:33,42.1584,-72.3287,29.28,40,40,7.0
118,New Norfolk,AU,2022-02-06 18:47:30,-42.7826,147.0587,52.72,74,4,1.95
119,Puerto Colombia,CO,2022-02-06 18:50:34,10.9878,-74.9547,89.69,70,0,22.03
120,Hithadhoo,MV,2022-02-06 18:47:01,-0.6,73.0833,82.47,73,32,12.55
121,Dekar,BW,2022-02-06 18:50:07,-21.5333,21.9333,74.89,49,91,6.64
122,Camana,PE,2022-02-06 18:50:35,-16.6228,-72.7111,75.09,68,73,7.43
123,Imeni Poliny Osipenko,RU,2022-02-06 18:50:35,52.4201,136.4853,0.68,98,100,3.67
124,San Carlos,VE,2022-02-06 18:45:36,9.6612,-68.5827,93.88,32,14,4.94
125,Kedrovyy,RU,2022-02-06 18:50:36,56.1667,91.8167,19.81,87,100,4.56
126,Khatanga,RU,2022-02-06 18:50:36,71.9667,102.5,-18.33,98,99,8.61
127,Castro,BR,2022-02-06 18:49:57,-24.7911,-50.0119,77.86,67,29,6.71
128,Coihaique,CL,2022-02-06 18:46:22,-45.5752,-72.0662,83.01,41,20,8.05
129,Tutoia,BR,2022-02-06 18:50:37,-2.7619,-42.2744,89.58,75,43,12.08
130,Vestmanna,FO,2022-02-06 18:50:37,62.1564,-7.1664,34.72,55,75,33.38
131,Qaqortoq,GL,2022-02-06 18:47:25,60.7167,-46.0333,7.3,68,100,4.81
132,Jumla,NP,2022-02-06 18:50:38,29.2747,82.1838,34.07,61,94,5.55
133,Kahului,US,2022-02-06 18:50:38,20.8947,-156.47,76.84,76,20,12.66
134,Omboue,GA,2022-02-06 18:51:39,-1.5746,9.2618,78.31,85,11,5.46
135,Betsiamites,CA,2022-02-06 18:51:39,48.9413,-68.646,10.29,79,100,5.03
136,Nouadhibou,MR,2022-02-06 18:51:40,20.931,-17.0347,67.98,88,5,18.41
137,Severo-Kurilsk,RU,2022-02-06 18:51:40,50.6789,156.125,29.68,83,100,14.97
138,Trelew,AR,2022-02-06 18:51:41,-43.249,-65.3051,80.55,23,10,16.35
139,Praia Da Vitoria,PT,2022-02-06 18:46:53,38.7333,-27.0667,59.76,100,75,16.06
140,Cidreira,BR,2022-02-06 18:51:41,-30.1811,-50.2056,81.25,51,0,11.86
141,Kumluca,TR,2022-02-06 18:51:42,36.3703,30.2869,48.67,61,0,6.82
142,Alappuzha,IN,2022-02-06 18:51:42,9.49,76.3264,77.94,77,41,6.51
143,Husavik,IS,2022-02-06 18:51:42,66.0449,-17.3389,24.71,77,100,8.23
144,Bandarbeyla,SO,2022-02-06 18:51:43,9.4942,50.8122,75.87,72,100,14.9
145,Wanning,CN,2022-02-06 18:48:23,18.8003,110.3967,70.02,91,97,5.57
146,Yeniseysk,RU,2022-02-06 18:51:43,58.4497,92.1703,6.69,98,100,2.71
147,Mangrol,IN,2022-02-06 18:51:44,21.1167,70.1167,67.12,70,6,9.57
148,Chester,US,2022-02-06 18:47:45,40.1254,-75.8749,33.03,54,0,1.99
149,Barrow,US,2022-02-06 18:51:38,71.2906,-156.7887,-23.78,76,40,6.91
150,Sioux Lookout,CA,2022-02-06 18:51:45,50.1001,-91.917,8.67,66,20,3.44
151,Hilo,US,2022-02-06 18:50:33,19.7297,-155.09,70.25,92,100,5.75
152,Muros,ES,2022-02-06 18:51:45,42.7762,-9.0603,52.84,70,47,10.63
153,Yuxia,CN,2022-02-06 18:51:46,34.0615,108.6291,30.81,91,100,2.48
154,San Matias,BO,2022-02-06 18:51:46,-16.3667,-58.4,83.5,74,100,7.63
155,Santona,ES,2022-02-06 18:51:47,43.4439,-3.4576,49.35,73,100,8.25
156,La Ronge,CA,2022-02-06 18:46:49,55.1001,-105.2842,-1.95,78,100,8.05
157,Anadyr,RU,2022-02-06 18:51:48,64.75,177.4833,-17.9,76,0,8.95
158,Moindou,NC,2022-02-06 18:51:48,-21.6924,165.677,75.15,90,82,8.19
159,Bethel,US,2022-02-06 18:50:07,41.3712,-73.414,29.17,56,0,5.75
160,Kysyl-Syr,RU,2022-02-06 18:51:49,63.8986,122.7617,-21.91,99,100,7.23
161,Punta Umbria,ES,2022-02-06 18:51:49,37.1821,-6.9661,62.24,49,4,2.8
162,Halifax,CA,2022-02-06 18:51:50,44.6453,-63.5724,19.99,71,1,3.0
163,Fairbanks,US,2022-02-06 18:51:00,64.8378,-147.7164,-1.7,77,100,0.0
164,Mayskiy,RU,2022-02-06 18:51:50,47.6931,40.1025,29.61,79,100,10.4
165,Mikhaylovka,RU,2022-02-06 18:51:51,50.06,43.2379,26.78,97,100,5.86
166,Nayoro,JP,2022-02-06 18:51:51,44.3506,142.4578,19.63,97,100,2.64
167,Waingapu,ID,2022-02-06 18:51:52,-9.6567,120.2641,78.94,85,97,4.72
168,Atuona,PF,2022-02-06 18:51:52,-9.8,-139.0333,78.78,72,0,19.04
169,Cabrero,CL,2022-02-06 18:51:52,-37.0333,-72.4,99.34,11,0,3.76
170,Itaueira,BR,2022-02-06 18:51:53,-7.6033,-43.0256,84.6,64,98,3.42
171,Bengkulu,ID,2022-02-06 18:51:19,-3.8004,102.2655,76.1,88,100,9.84
172,Broome,US,2022-02-06 18:51:39,42.2506,-75.833,29.62,63,0,3.0
173,Ranong,TH,2022-02-06 18:47:16,9.9658,98.6348,74.86,90,25,4.36
174,Kondinskoye,RU,2022-02-06 18:51:54,59.6481,67.41,12.51,95,100,9.57
175,Victoria,HK,2022-02-06 18:51:54,22.2855,114.1577,62.26,84,100,8.99
176,Chegdomyn,RU,2022-02-06 18:51:55,51.1167,133.0167,-9.4,100,97,0.4
177,Leningradskiy,RU,2022-02-06 18:51:55,69.3833,178.4167,-22.76,98,28,6.62
178,Athabasca,CA,2022-02-06 18:51:56,54.7169,-113.2854,39.02,78,0,14.41
179,Kamienna Gora,PL,2022-02-06 18:52:56,50.7831,16.0304,39.74,91,100,23.51
180,Carmen Del Parana,PY,2022-02-06 18:52:57,-27.2333,-56.2167,87.93,20,0,10.38
181,Pevek,RU,2022-02-06 18:49:54,69.7008,170.3133,-24.34,99,33,1.05
182,Belmonte,BR,2022-02-06 18:52:57,-15.8631,-38.8828,84.2,63,6,8.9
183,Bambous Virieux,MU,2022-02-06 18:52:58,-20.3428,57.7575,79.21,89,40,11.5
184,Klaksvik,FO,2022-02-06 18:50:24,62.2266,-6.589,36.52,59,81,35.88
185,Galveston,US,2022-02-06 18:52:58,29.3669,-94.9669,59.22,71,17,7.54
186,Parkes,AU,2022-02-06 18:52:59,-33.1333,148.1833,56.35,77,0,7.23
187,Naryan-Mar,RU,2022-02-06 18:50:29,67.6713,53.087,9.5,88,100,15.66
188,Zemio,CF,2022-02-06 18:52:59,5.0314,25.1361,74.28,22,100,4.27
189,Terra Santa,BR,2022-02-06 18:53:00,-2.1042,-56.4869,75.52,97,100,1.43
190,Cape Coast,GH,2022-02-06 18:53:00,5.1053,-1.2466,81.18,79,17,9.08
191,Grand Gaube,MU,2022-02-06 18:53:00,-20.0064,57.6608,79.38,81,91,3.0
192,Mananjary,MG,2022-02-06 18:53:01,-21.2167,48.3333,78.58,90,100,12.62
193,Doha,QA,2022-02-06 18:53:01,25.2867,51.5333,62.58,59,0,13.8
194,Neiafu,TO,2022-02-06 18:53:02,-18.65,-173.9833,79.48,83,100,5.75
195,Chengde,CN,2022-02-06 18:53:02,40.9725,117.9361,17.56,61,15,5.21
196,Comodoro Rivadavia,AR,2022-02-06 18:53:03,-45.8667,-67.5,76.86,31,0,13.8
197,Aripuana,BR,2022-02-06 18:51:02,-9.1667,-60.6333,86.85,67,46,2.53
198,Inhambane,MZ,2022-02-06 18:50:36,-23.865,35.3833,78.78,89,40,13.8
199,Manati,PR,2022-02-06 18:53:03,18.4275,-66.4921,82.09,93,55,12.75
200,Gogrial,SS,2022-02-06 18:53:04,8.5332,28.1004,75.97,16,7,4.65
201,Puerto Escondido,MX,2022-02-06 18:53:04,15.85,-97.0667,85.14,53,1,8.66
202,Pombas,CV,2022-02-06 18:53:05,17.1503,-25.0201,73.18,77,5,13.24
203,Zhuhai,CN,2022-02-06 18:49:50,22.2769,113.5678,61.99,82,20,18.41
204,Saint Anthony,US,2022-02-06 18:53:05,45.0205,-93.218,22.93,74,100,5.01
205,Half Moon Bay,US,2022-02-06 18:50:55,37.4636,-122.4286,65.77,61,0,11.5
206,Karpathos,GR,2022-02-06 18:53:06,35.507,27.2132,57.16,72,0,9.22
207,Hofn,IS,2022-02-06 18:53:07,64.2539,-15.2082,27.0,67,0,16.11
208,Loikaw,MM,2022-02-06 18:53:07,19.6742,97.2094,55.22,64,99,3.67
209,Panalingaan,PH,2022-02-06 18:53:07,8.7842,117.4231,77.23,80,100,4.47
210,Calvia,ES,2022-02-06 18:53:08,39.5657,2.5062,52.92,68,9,7.07
211,Northam,GB,2022-02-06 18:51:15,51.0333,-4.2167,49.62,84,30,29.46
212,Port Hedland,AU,2022-02-06 18:53:09,-20.3167,118.5667,84.25,89,75,3.44
213,Qui Nhon,VN,2022-02-06 18:49:46,13.7667,109.2333,70.29,89,79,7.38
214,Emerald,AU,2022-02-06 18:52:48,-23.5333,148.1667,69.94,83,75,8.05
215,Tiksi,RU,2022-02-06 18:53:10,71.6872,128.8694,-14.96,98,100,3.71
216,Quincy,US,2022-02-06 18:49:13,42.2529,-71.0023,30.52,62,0,4.0
217,Lorengau,PG,2022-02-06 18:53:10,-2.0226,147.2712,81.01,79,100,7.58
218,Nonthaburi,TH,2022-02-06 18:53:11,13.75,100.5,83.98,99,71,3.0
219,Vila Velha,BR,2022-02-06 18:52:17,-20.3297,-40.2925,85.95,80,20,7.0
220,Pimentel,PE,2022-02-06 18:53:12,-6.8367,-79.9342,77.29,61,20,11.5
221,Lengshuitan,CN,2022-02-06 18:53:12,26.4111,111.5956,39.63,95,100,7.07
222,Camopi,GF,2022-02-06 18:53:12,3.1655,-52.3158,74.8,98,100,2.84
223,Evensk,RU,2022-02-06 18:53:13,61.95,159.2333,1.26,67,0,9.06
224,Airai,TL,2022-02-06 18:50:34,-8.9266,125.4092,60.82,89,92,1.16
225,Inhuma,BR,2022-02-06 18:54:13,-6.6683,-41.7078,89.6,42,97,2.44
226,Gibara,CU,2022-02-06 18:54:14,21.1097,-76.1317,81.27,50,0,15.95
227,Mount Isa,AU,2022-02-06 18:51:00,-20.7333,139.5,76.77,65,75,5.75
228,Tessalit,ML,2022-02-06 18:54:15,20.1986,1.0114,70.7,10,0,6.76
229,Ancud,CL,2022-02-06 18:54:15,-41.8697,-73.8203,75.22,66,10,6.38
230,Cheremukhovo,RU,2022-02-06 18:54:16,60.3484,59.9851,6.93,97,100,4.43
231,Lanxi,CN,2022-02-06 18:54:16,29.2195,119.477,36.79,97,100,4.56
232,Puerto Narino,CO,2022-02-06 18:54:16,-3.7703,-70.3831,91.35,63,100,4.36
233,Jega,NG,2022-02-06 18:54:17,12.2175,4.3792,79.18,15,0,10.27
234,Virginia Beach,US,2022-02-06 18:54:17,36.8529,-75.978,41.05,74,33,1.99
235,Bourail,NC,2022-02-06 18:54:18,-21.5667,165.4833,77.83,94,100,6.35
236,Manggar,ID,2022-02-06 18:54:18,-2.8833,108.2667,78.93,86,100,9.06
237,Cabo San Lucas,MX,2022-02-06 18:54:19,22.8909,-109.9124,76.17,66,0,5.01
238,Salalah,OM,2022-02-06 18:53:06,17.0151,54.0924,75.58,45,91,8.97
239,Bilma,NE,2022-02-06 18:54:19,18.6853,12.9164,65.66,14,0,8.52
240,Ola,RU,2022-02-06 18:54:20,59.5833,151.2833,-4.86,74,42,11.16
241,Chapais,CA,2022-02-06 18:53:44,49.7834,-74.8492,6.58,93,100,10.71
242,Flinders,AU,2022-02-06 18:54:20,-34.5833,150.8552,64.2,85,77,8.99
243,Torbay,CA,2022-02-06 18:54:21,47.6666,-52.7314,16.57,81,75,14.97
244,Kyaikto,MM,2022-02-06 18:54:22,17.3,97.0167,72.7,78,84,4.34
245,Marzuq,YE,2022-02-06 18:54:22,14.4,46.4667,65.86,32,100,1.74
246,Dikson,RU,2022-02-06 18:54:23,73.5069,80.5464,-20.54,99,94,9.64
247,Gordeyevka,RU,2022-02-06 18:54:24,52.9569,31.9703,31.3,95,100,14.18
248,Alto Araguaia,BR,2022-02-06 18:54:24,-17.3147,-53.2153,81.79,68,100,6.08
249,Sar-E Pul,AF,2022-02-06 18:54:24,35.8333,66.1667,25.21,76,30,6.96
250,Dromolaxia,CY,2022-02-06 18:54:25,34.8761,33.586,55.98,88,40,1.14
251,Curup,ID,2022-02-06 18:54:25,-3.4667,102.5333,67.08,95,100,2.64
252,Novyy Svit,UA,2022-02-06 18:54:26,47.8059,38.0211,31.01,92,100,7.99
253,Antalaha,MG,2022-02-06 18:54:26,-14.9003,50.2788,76.8,85,100,4.97
254,Pangai,TO,2022-02-06 18:54:26,-19.8,-174.35,79.16,79,100,23.96
255,Colares,PT,2022-02-06 18:54:27,38.7992,-9.4469,61.29,49,0,5.01
256,Ibra,OM,2022-02-06 18:54:27,22.6906,58.5334,67.1,47,2,6.4
257,Sonoita,MX,2022-02-06 18:54:28,31.85,-112.8333,63.54,11,0,6.64
258,Eydhafushi,MV,2022-02-06 18:54:28,5.1033,73.0708,81.43,64,11,9.55
259,Gambela,ET,2022-02-06 18:54:28,8.25,34.5833,84.51,25,93,3.94
260,Casablanca,MA,2022-02-06 18:53:19,33.5928,-7.6192,61.14,77,0,5.99
261,Saint George,US,2022-02-06 18:54:29,37.1041,-113.5841,59.47,24,0,1.01
262,Maposeni,TZ,2022-02-06 18:54:29,-10.5833,35.4,65.28,92,100,3.4
263,Ponnani,IN,2022-02-06 18:54:30,10.767,75.9252,78.12,83,19,6.26
264,Aksarka,RU,2022-02-06 18:54:30,66.5606,67.7975,-17.27,100,87,6.53
265,Zeya,RU,2022-02-06 18:54:31,53.75,127.2667,-6.9,95,97,3.04
266,Mizdah,LY,2022-02-06 18:54:31,31.4451,12.9801,58.19,21,100,6.89
267,Katsuura,JP,2022-02-06 18:54:32,35.1333,140.3,34.11,46,84,9.53
268,Yumen,CN,2022-02-06 18:53:22,40.2833,97.2,12.67,88,11,14.09
269,Pitiquito,MX,2022-02-06 18:55:32,30.7,-112.0833,63.39,13,0,3.56
270,Sarkand,KZ,2022-02-06 18:55:33,45.41,79.9186,21.25,60,26,8.63
271,Lakatoro,VU,2022-02-06 18:55:33,-16.0999,167.4164,79.66,83,100,10.04
272,Saint-Francois,FR,2022-02-06 18:55:34,46.4154,3.9054,47.68,71,100,12.66
273,Sayyan,YE,2022-02-06 18:55:34,15.1718,44.3244,54.28,45,53,4.79
274,Yellowknife,CA,2022-02-06 18:50:48,62.456,-114.3525,-5.58,96,75,12.66
275,Nalgonda,IN,2022-02-06 18:54:27,17.05,79.2667,68.05,84,71,6.44
276,Gwadar,PK,2022-02-06 18:55:35,25.1216,62.3254,71.8,81,0,9.93
277,Vila Do Maio,CV,2022-02-06 18:52:26,15.1333,-23.2167,79.59,79,0,14.23
278,Mazyr,BY,2022-02-06 18:55:36,52.0495,29.2456,32.59,93,100,12.24
279,Bathsheba,BB,2022-02-06 18:55:37,13.2167,-59.5167,84.81,61,40,20.71
280,Souillac,MU,2022-02-06 18:55:37,-20.5167,57.5167,79.36,89,40,11.5
281,Domoni,KM,2022-02-06 18:55:38,-12.2569,44.5319,80.73,81,100,4.34
282,Hasaki,JP,2022-02-06 18:52:16,35.7333,140.8333,28.8,43,0,24.02
283,Dickinson,US,2022-02-06 18:55:38,29.4608,-95.0513,59.22,65,28,1.99
284,Luderitz,NA,2022-02-06 18:52:36,-26.6481,15.1594,68.31,75,11,4.7
285,Bafoulabe,ML,2022-02-06 18:55:39,13.8065,-10.8321,88.11,7,0,6.93
286,Abalak,RU,2022-02-06 18:55:40,58.1286,68.5944,8.67,92,100,5.82
287,Ejea De Los Caballeros,ES,2022-02-06 18:55:41,42.1263,-1.1372,50.74,67,12,15.1
288,Pisco,PE,2022-02-06 18:55:41,-13.7,-76.2167,72.01,83,40,10.36
289,Turbat,PK,2022-02-06 18:55:42,26.0023,63.044,69.08,83,0,4.65
290,Thongwa,MM,2022-02-06 18:55:42,16.7619,96.5278,73.56,64,24,7.65
291,Prokopyevsk,RU,2022-02-06 18:55:43,53.9059,86.719,2.08,87,74,1.9
292,San Cristobal,VE,2022-02-06 18:55:43,7.7669,-72.225,69.98,50,62,4.85
293,Muriwai Beach,NZ,2022-02-06 18:55:43,-36.8167,174.45,67.86,97,100,13.8
294,Gorontalo,ID,2022-02-06 18:55:44,0.5412,123.0595,73.62,95,100,3.62
295,Shahrud,IR,2022-02-06 18:55:44,36.4182,54.9763,30.51,67,35,4.68
296,Pozoblanco,ES,2022-02-06 18:55:45,38.3791,-4.8483,48.78,68,58,5.37
297,Indianola,US,2022-02-06 18:55:45,41.3581,-93.5574,43.05,80,8,16.64
298,Codrington,AU,2022-02-06 18:55:19,-38.2667,141.9667,57.51,77,0,9.08
299,Opuwo,NA,2022-02-06 18:52:24,-18.0607,13.84,74.61,41,100,6.38
300,Yulara,AU,2022-02-06 18:55:46,-25.2406,130.9889,69.64,43,0,6.91
301,Wangqing,CN,2022-02-06 18:55:47,43.3218,129.7634,-2.13,96,15,1.34
302,Sitka,US,2022-02-06 18:55:47,57.0531,-135.33,44.49,81,100,18.41
303,Lavrentiya,RU,2022-02-06 18:55:47,65.5833,-171.0,-12.37,93,5,6.89
304,Madison,US,2022-02-06 18:51:41,34.7334,-86.5667,52.68,46,0,1.99
305,Fengcheng,CN,2022-02-06 18:55:48,40.4536,124.0717,10.54,90,11,2.21
306,Krutinka,RU,2022-02-06 18:55:48,56.0055,71.5113,-4.13,95,100,5.1
307,Ippy,CF,2022-02-06 18:55:49,6.2679,21.2247,79.83,18,100,4.83
308,Mardin,TR,2022-02-06 18:55:06,37.3131,40.7436,37.51,53,100,3.76
309,Nenjiang,CN,2022-02-06 18:55:50,49.1833,125.2167,-10.19,98,73,1.19
310,Nisia Floresta,BR,2022-02-06 18:55:50,-6.0911,-35.2086,88.61,58,7,12.59
311,San Quintin,MX,2022-02-06 18:55:51,30.4833,-115.95,64.2,27,0,4.54
312,Hami,CN,2022-02-06 18:55:51,42.8,93.45,26.6,32,17,12.95
313,Kalininskaya,RU,2022-02-06 18:55:52,45.4822,38.6628,34.07,77,98,9.33
314,Haines Junction,CA,2022-02-06 18:55:52,60.7522,-137.5108,39.15,45,100,13.8
315,San Luis,AR,2022-02-06 18:56:53,-33.295,-66.3356,78.71,14,0,5.82
316,Bagotville,AU,2022-02-06 18:56:53,-28.9833,153.4167,67.82,98,75,13.49
317,Ranot,TH,2022-02-06 18:56:54,7.7777,100.3213,79.36,77,58,7.45
318,Kloulklubed,PW,2022-02-06 18:56:54,7.0419,134.2556,80.82,82,100,23.09
319,Marsh Harbour,BS,2022-02-06 18:56:55,26.5412,-77.0636,75.02,71,47,13.62
320,Grandview,US,2022-02-06 18:56:55,38.8858,-94.533,46.58,57,68,1.01
321,Panama City,PA,2022-02-06 18:53:57,8.9936,-79.5197,91.38,46,40,12.66
322,Limbang,MY,2022-02-06 18:56:56,4.75,115.0,80.91,98,100,1.43
323,Banda Aceh,ID,2022-02-06 18:56:31,5.5577,95.3222,76.35,91,100,8.37
324,Larsnes,NO,2022-02-06 18:55:14,62.2028,5.5773,39.67,69,58,15.9
325,George Town,MY,2022-02-06 18:56:14,5.4112,100.3354,78.73,93,40,0.0
326,Bemidji,US,2022-02-06 18:53:26,47.4736,-94.8803,13.05,69,0,11.5
327,Broken Hill,AU,2022-02-06 18:56:58,-31.95,141.4333,71.31,40,75,12.66
328,Connersville,US,2022-02-06 18:55:24,39.6412,-85.1411,38.91,51,0,5.99
329,Reconquista,AR,2022-02-06 18:56:59,-29.15,-59.65,87.66,15,0,14.27
330,Port Elizabeth,ZA,2022-02-06 18:56:59,-33.918,25.5701,78.1,88,20,17.27
331,Rio Grande,BR,2022-02-06 18:57:00,-32.035,-52.0986,78.91,56,56,13.24
332,La Roda,ES,2022-02-06 18:57:00,39.2167,-2.15,49.98,45,93,4.85
333,Volkhov,RU,2022-02-06 18:57:00,59.9258,32.3382,31.35,92,100,12.82
334,Dohar,BD,2022-02-06 18:57:01,23.5883,90.1469,64.38,62,57,5.17
335,Bam,IR,2022-02-06 18:57:01,29.106,58.357,51.3,31,0,3.11
336,Bletchley,GB,2022-02-06 18:57:02,51.9933,-0.7347,48.09,72,99,23.89
337,Udachnyy,RU,2022-02-06 18:57:02,66.4167,112.4,-17.55,82,99,3.2
338,Bulungu,CD,2022-02-06 18:57:03,-4.55,18.6,73.76,86,100,0.85
339,Nishihara,JP,2022-02-06 18:57:03,26.1842,127.7558,58.28,58,100,9.22
340,Cavalcante,BR,2022-02-06 18:57:04,-13.7975,-47.4583,70.2,95,100,3.18
341,Kaya,BF,2022-02-06 18:57:04,13.0917,-1.0844,79.72,10,0,8.61
342,Madang,PG,2022-02-06 18:54:01,-5.2246,145.7966,75.69,93,95,6.96
343,Sao Filipe,CV,2022-02-06 18:57:05,14.8961,-24.4956,73.81,71,0,10.89
344,Basugaon,IN,2022-02-06 18:57:05,26.4667,90.4,56.08,77,0,1.9
345,Ankaran,SI,2022-02-06 18:57:06,45.5786,13.7361,48.92,80,75,2.3
346,Oranjemund,NA,2022-02-06 18:55:30,-28.55,16.4333,67.06,71,52,8.1
347,Moroni,KM,2022-02-06 18:55:50,-11.7022,43.2551,80.6,89,20,3.44
348,Port Hawkesbury,CA,2022-02-06 18:57:06,45.6169,-61.3485,19.18,82,100,12.66
349,Vila Franca Do Campo,PT,2022-02-06 18:54:32,37.7167,-25.4333,64.2,86,63,12.8
350,Buta,CD,2022-02-06 18:57:07,2.7858,24.73,73.87,30,29,2.75
351,Am Timan,TD,2022-02-06 18:57:07,11.0297,20.2827,78.73,15,5,6.24
352,Kenai,US,2022-02-06 18:57:08,60.5544,-151.2583,19.15,91,100,2.08
353,Namibe,AO,2022-02-06 18:57:08,-15.1961,12.1522,75.06,69,100,13.47
354,Hella,NO,2022-02-06 18:57:09,67.2,14.4333,30.34,59,75,25.32
355,Ixtapa,MX,2022-02-06 18:57:09,20.7,-105.2,86.92,35,11,7.16
356,Minsk,BY,2022-02-06 18:55:52,53.9,27.5667,31.75,98,100,16.55
357,Calama,CL,2022-02-06 18:57:10,-22.4667,-68.9333,79.29,8,0,20.71
358,Calmeca,MX,2022-02-06 18:57:10,18.6333,-98.6333,79.02,29,6,5.59
359,Mwense,ZM,2022-02-06 18:57:11,-10.3845,28.698,66.88,95,100,3.29
360,Plettenberg Bay,ZA,2022-02-06 18:57:11,-34.0527,23.3716,74.48,64,94,5.57
361,Sam Chuk,TH,2022-02-06 18:57:11,14.7576,100.0899,84.09,63,81,3.04
362,Lasa,IT,2022-02-06 18:58:12,46.6166,10.7002,43.54,67,100,4.97
363,La Trinitaria,MX,2022-02-06 18:58:12,16.1167,-92.05,69.4,48,52,6.58
364,Panguna,PG,2022-02-06 18:58:13,-6.3164,155.4848,68.27,94,100,0.67
365,Seoul,KR,2022-02-06 18:56:17,37.5683,126.9778,17.2,65,0,2.3
366,Erenhot,CN,2022-02-06 18:58:14,43.6475,111.9767,2.64,86,6,6.33
367,Bubaque,GW,2022-02-06 18:58:14,11.2833,-15.8333,77.77,71,1,15.82
368,Toyooka,JP,2022-02-06 18:58:14,35.5333,134.8333,34.07,94,100,2.98
369,Gerash,IR,2022-02-06 18:58:15,27.6652,54.1371,51.94,42,0,5.59
370,Pemangkat,ID,2022-02-06 18:58:15,1.1667,108.9667,77.2,91,96,5.39
371,Gao,ML,2022-02-06 18:58:16,16.6362,1.637,71.13,10,0,10.6
372,Eskil,TR,2022-02-06 18:58:16,38.4017,33.4131,18.3,93,11,5.37
373,San Rafael,AR,2022-02-06 18:58:17,-34.6177,-68.3301,78.78,30,0,12.39
374,Tocopilla,CL,2022-02-06 18:58:17,-22.092,-70.1979,72.86,63,21,7.56
375,Fujieda,JP,2022-02-06 18:58:18,34.8667,138.2667,31.59,56,4,9.13
376,Taos,US,2022-02-06 18:58:18,36.4072,-105.5731,32.2,65,100,1.01
377,Tehri,IN,2022-02-06 18:58:19,30.3833,78.4833,51.82,75,60,2.68
378,El Alto,PE,2022-02-06 18:58:19,-4.2714,-81.2147,82.06,67,17,15.39
379,Vestmannaeyjar,IS,2022-02-06 18:55:46,63.4427,-20.2734,29.39,74,75,8.05
380,Rio Gallegos,AR,2022-02-06 18:58:20,-51.6226,-69.2181,77.05,33,40,19.57
381,Belaya Gora,RU,2022-02-06 18:58:20,68.5333,146.4167,-42.79,100,69,0.92
382,Beloha,MG,2022-02-06 18:58:21,-25.1667,45.05,74.12,94,100,19.26
383,Talnakh,RU,2022-02-06 18:58:21,69.4865,88.3972,-26.18,98,52,2.53
384,Vyazemskiy,RU,2022-02-06 18:58:22,47.5378,134.7525,-1.26,97,100,2.68
385,Mao,ES,2022-02-06 18:55:09,39.8885,4.2658,46.96,81,20,2.3
386,Jiuquan,CN,2022-02-06 18:55:01,39.7432,98.5174,11.46,97,73,3.27
387,Padang,ID,2022-02-06 18:58:22,-0.9492,100.3543,77.04,75,100,3.47
388,Karaman,TR,2022-02-06 18:53:36,37.0833,33.25,27.28,80,3,3.15
389,Kangaatsiaq,GL,2022-02-06 18:57:32,68.3065,-53.4641,2.01,88,100,5.46
390,Cockburn Town,TC,2022-02-06 18:58:23,21.4612,-71.1419,80.56,44,20,14.97
391,Sao Joao Da Barra,BR,2022-02-06 18:58:24,-21.6403,-41.0511,87.89,81,1,18.86
392,Chulman,RU,2022-02-06 18:58:24,56.8479,124.9104,-35.99,100,100,1.52
393,Peleduy,RU,2022-02-06 18:58:24,59.6289,112.7406,9.73,95,100,5.03
394,Tamale,GH,2022-02-06 18:58:25,9.4008,-0.8393,86.79,13,0,5.08
395,Lixourion,GR,2022-02-06 18:58:25,38.2019,20.4314,54.54,83,21,2.62
396,Thap Than,TH,2022-02-06 18:58:26,15.4606,99.8917,78.71,57,29,3.15
397,Miri,MY,2022-02-06 18:58:26,4.4148,114.0089,75.34,100,40,0.0
398,Takoradi,GH,2022-02-06 18:58:27,4.8845,-1.7554,80.64,78,80,8.63
399,Sorland,NO,2022-02-06 18:55:12,67.667,12.6934,35.46,62,100,17.34
400,Itoman,JP,2022-02-06 18:58:27,26.1247,127.6694,59.02,58,100,9.22
401,Kozlovo,RU,2022-02-06 18:58:28,56.5167,36.2667,27.82,95,100,5.61
402,Naron,ES,2022-02-06 18:58:28,43.5167,-8.1528,54.45,83,96,2.46
403,Meulaboh,ID,2022-02-06 18:58:28,4.1363,96.1285,76.14,90,100,6.53
404,Vuktyl,RU,2022-02-06 18:58:29,63.8567,57.3094,12.88,78,97,10.69
405,Alawalpur,IN,2022-02-06 18:58:29,31.4328,75.6508,51.35,83,100,3.89
406,Sabang,ID,2022-02-06 18:54:12,5.8933,95.3214,77.0,89,100,15.39
407,Urumqi,CN,2022-02-06 18:58:30,43.801,87.6005,-1.25,85,5,2.24
408,Vikhorevka,RU,2022-02-06 18:58:30,56.1201,101.1636,13.59,97,100,2.28
409,Hirara,JP,2022-02-06 18:58:31,24.8,125.2833,64.53,65,43,17.36
410,Vanavara,RU,2022-02-06 18:59:31,60.34,102.2797,-13.76,100,93,2.48
411,Sarangani,PH,2022-02-06 18:59:32,5.4033,125.4636,81.27,76,100,26.06
412,Sivas,TR,2022-02-06 18:59:32,39.7916,37.0019,4.23,94,41,1.86
413,Nemuro,JP,2022-02-06 18:57:07,43.3236,145.575,24.96,74,97,16.84
414,Kruisfontein,ZA,2022-02-06 18:57:49,-34.0033,24.7314,75.88,58,100,14.34
415,Shunyi,CN,2022-02-06 18:59:33,40.125,116.6453,22.95,53,0,6.71
416,Amalapuram,IN,2022-02-06 18:59:33,16.5833,82.0167,68.4,83,83,2.73
417,Omsukchan,RU,2022-02-06 18:59:34,62.5333,155.8,-16.49,68,4,2.59
418,Nogales,MX,2022-02-06 18:59:34,31.3086,-110.9422,62.73,20,0,5.37
419,Digoin,FR,2022-02-06 18:59:35,46.4812,3.9795,48.33,71,100,12.66
420,Seoni,IN,2022-02-06 18:59:35,22.0833,79.5333,60.49,27,2,3.74
421,Hampton,US,2022-02-06 18:56:42,37.0299,-76.3452,40.01,75,100,1.99
422,Zapolyarnyy,RU,2022-02-06 18:59:36,69.4154,30.8136,18.68,97,50,7.63
423,La Grande,US,2022-02-06 18:59:36,45.3246,-118.0877,55.06,78,33,4.12
424,Auki,SB,2022-02-06 18:59:36,-8.7676,160.7034,78.87,88,100,7.63
425,Kampot,KH,2022-02-06 18:59:37,10.6167,104.1833,75.25,67,90,0.78
426,Sobolevo,RU,2022-02-06 18:59:37,54.4299,31.8996,29.91,96,100,13.8
427,Fuxin,CN,2022-02-06 18:59:38,42.0156,121.6589,14.58,66,0,3.96
428,Along,IN,2022-02-06 18:59:38,28.1667,94.7667,48.25,96,54,0.6
429,Penzance,GB,2022-02-06 18:57:57,50.1186,-5.5371,51.76,84,71,32.23
430,Intipuca,SV,2022-02-06 18:59:39,13.1969,-88.0544,92.86,35,17,6.35
431,Nabire,ID,2022-02-06 18:59:40,-3.3667,135.4833,76.51,89,100,2.89
432,Andira,BR,2022-02-06 18:59:40,-0.7385,-47.8437,78.69,92,100,4.36
433,Vila,PT,2022-02-06 18:59:40,42.0304,-8.1588,45.48,48,100,4.68
434,Salamiyah,SY,2022-02-06 18:59:41,35.0113,37.0532,48.72,92,100,9.06
435,Kieta,PG,2022-02-06 18:57:43,-6.2167,155.6333,79.36,83,100,7.56
436,Oktyabrskoye,RU,2022-02-06 18:59:42,43.0645,44.7417,32.14,74,75,11.18
437,Tobermory,CA,2022-02-06 18:59:42,45.2501,-81.6665,28.31,88,100,21.65
438,Russell,US,2022-02-06 18:59:42,32.3502,-85.1999,55.96,53,44,6.64
439,Vytegra,RU,2022-02-06 18:59:43,61.0064,36.4481,13.05,92,97,10.96
440,Mucurapo,TT,2022-02-06 18:59:43,10.6667,-61.5333,87.03,78,17,10.96
441,Santa Barbara,US,2022-02-06 18:59:44,34.7333,-120.0343,68.34,11,0,2.59
442,Lata,PT,2022-02-06 18:59:44,40.1629,-8.3327,52.81,61,1,3.94
443,Saldanha,ZA,2022-02-06 18:59:36,-33.0117,17.9442,68.05,95,38,8.63
444,Sovetskiy,RU,2022-02-06 18:55:17,61.3614,63.5842,9.79,95,100,7.54
445,Tromso,NO,2022-02-06 18:59:45,69.6496,18.957,30.22,64,0,18.41
446,Nanortalik,GL,2022-02-06 18:59:46,60.1432,-45.2371,15.22,67,100,20.65
447,Kenora,CA,2022-02-06 18:59:46,49.8167,-94.4337,7.99,72,20,5.75
448,Bud,US,2022-02-06 18:59:47,39.447,-86.1758,38.75,56,0,6.93
449,Samana,DO,2022-02-06 18:59:47,19.2056,-69.3369,79.02,78,40,9.22
450,Quatre Cocos,MU,2022-02-06 18:59:47,-20.2078,57.7625,79.09,82,98,11.59
451,Chernyshevskiy,RU,2022-02-06 18:59:48,63.0128,112.4714,-5.04,99,100,2.71
452,Lappeenranta,FI,2022-02-06 18:59:48,61.0587,28.1887,32.05,98,100,6.91
453,High Prairie,CA,2022-02-06 18:59:49,55.4334,-116.4858,43.9,68,100,18.34
454,Surin,TH,2022-02-06 18:59:49,14.8818,103.4936,76.46,58,36,3.42
455,Januaria,BR,2022-02-06 19:00:50,-15.4833,-44.3667,70.02,97,100,2.04
456,Salinopolis,BR,2022-02-06 19:00:50,-0.6136,-47.3561,79.2,87,100,8.57
457,Gayeri,BF,2022-02-06 19:00:51,12.6497,0.4931,80.01,12,0,8.66
458,Casino,AU,2022-02-06 19:00:51,-28.8667,153.05,63.57,95,63,5.55
459,Champerico,GT,2022-02-06 19:00:32,14.3,-91.9167,93.76,57,7,11.45
460,Lichtenburg,ZA,2022-02-06 19:00:52,-26.152,26.1597,67.17,57,100,5.12
461,Burshtyn,UA,2022-02-06 19:00:52,49.2587,24.6278,36.91,71,100,16.49
462,Yar-Sale,RU,2022-02-06 19:00:53,66.8333,70.8333,-12.24,100,88,7.63
463,Ostrovnoy,RU,2022-02-06 19:00:53,68.0531,39.5131,13.96,86,98,22.37
464,Bilibino,RU,2022-02-06 19:00:54,68.0546,166.4372,-17.84,77,2,4.25
465,Vallenar,CL,2022-02-06 19:00:54,-28.5708,-70.7581,87.82,22,0,11.48
466,Olinda,BR,2022-02-06 18:58:58,-8.0089,-34.8553,85.73,54,40,9.22
467,Esperance,AU,2022-02-06 19:00:55,-33.8667,121.9,62.44,71,100,23.47
468,Vardo,NO,2022-02-06 19:00:56,70.3705,31.1107,23.2,78,74,21.72
469,Liling,CN,2022-02-06 19:00:57,27.6667,113.5,39.09,97,100,5.19
470,Los Llanos De Aridane,ES,2022-02-06 19:00:57,28.6585,-17.9182,64.15,71,40,17.0
471,Thinadhoo,MV,2022-02-06 19:00:58,0.5333,72.9333,82.62,69,75,11.05
472,Umm Lajj,SA,2022-02-06 19:00:58,25.0213,37.2685,67.28,49,0,19.57
473,Knysna,ZA,2022-02-06 19:00:58,-34.0363,23.0471,76.24,56,39,5.53
474,Fort Payne,US,2022-02-06 19:00:59,34.4442,-85.7197,48.61,47,0,6.91
475,Farafangana,MG,2022-02-06 19:00:59,-22.8167,47.8333,78.28,92,100,17.9
476,Inverness,GB,2022-02-06 19:01:00,57.4791,-4.224,37.98,86,40,5.99
477,Togur,RU,2022-02-06 19:01:00,58.3631,82.8265,5.47,96,100,4.56
478,Abha,SA,2022-02-06 19:01:01,18.2164,42.5053,54.19,79,5,2.89
479,Sungairaya,ID,2022-02-06 19:01:01,0.7,108.9,76.68,93,100,3.62
480,Komsomolskiy,UZ,2022-02-06 19:01:02,40.4272,71.7189,39.92,87,75,4.61
481,Reims,FR,2022-02-06 19:00:06,49.1667,4.0833,51.58,76,90,21.85
482,Dunedin,NZ,2022-02-06 19:00:42,-45.8742,170.5036,53.8,77,0,3.13
483,Ouadda,CF,2022-02-06 19:01:03,8.0777,22.4007,71.53,18,52,7.09
484,Makakilo City,US,2022-02-06 19:01:04,21.3469,-158.0858,74.68,81,75,0.0
485,Edson,CA,2022-02-06 19:01:04,53.5835,-116.4356,38.86,86,61,6.42
486,Esna,EG,2022-02-06 19:01:05,25.2934,32.554,59.81,31,0,9.31
487,Gat,IL,2022-02-06 19:01:03,31.61,34.7642,54.91,83,0,5.59
488,Camocim,BR,2022-02-06 18:58:12,-2.9022,-40.8411,83.97,69,43,14.85
489,Rawson,AR,2022-02-06 18:59:35,-43.3002,-65.1023,75.85,34,7,15.95
490,Lahij,YE,2022-02-06 19:01:06,13.1667,44.5833,72.99,59,64,4.0
491,Cobija,BO,2022-02-06 19:01:06,-11.0267,-68.7692,81.68,85,100,1.19
492,Whitehorse,CA,2022-02-06 19:01:07,60.7161,-135.0538,23.83,95,100,7.02
493,Forbes,AU,2022-02-06 19:01:07,-33.3833,148.0167,57.92,69,0,8.19
494,Teguise,ES,2022-02-06 19:01:08,29.0605,-13.564,62.82,77,0,20.71
495,Eten,PE,2022-02-06 19:01:08,-6.9081,-79.8642,74.21,71,27,13.96
496,Ngunguru,NZ,2022-02-06 19:01:09,-35.6167,174.5,73.17,98,100,5.68
497,Murray Bridge,AU,2022-02-06 19:01:09,-35.1167,139.2667,77.45,43,4,5.7
498,Coos Bay,US,2022-02-06 19:01:10,43.3665,-124.2179,57.24,100,8,3.4
499,Rizhao,CN,2022-02-06 19:01:10,35.4275,119.4553,32.38,42,100,5.3
500,Bushehr,IR,2022-02-06 19:02:11,28.9684,50.8385,61.7,53,0,17.76
501,Dawlatabad,AF,2022-02-06 19:02:11,36.4141,64.9053,41.72,83,51,3.62
502,Hovd,MN,2022-02-06 19:02:12,48.0056,91.6419,-13.88,75,12,3.2
503,Solnechnyy,RU,2022-02-06 19:02:12,50.7214,136.6319,-4.54,99,98,2.44
504,Porto Novo,BJ,2022-02-06 19:02:13,6.4965,2.6036,79.32,78,5,6.87
505,Karachi,PK,2022-02-06 19:02:13,24.9056,67.0822,69.62,64,20,6.91
506,Dudinka,RU,2022-02-06 19:02:13,69.4058,86.1778,-33.32,100,16,4.41
507,Port Lincoln,AU,2022-02-06 19:02:14,-34.7333,135.8667,70.99,69,0,12.59
508,Khromtau,KZ,2022-02-06 19:02:14,50.2503,58.4347,16.79,94,100,13.58
509,Rovaniemi,FI,2022-02-06 19:02:15,66.5,25.7167,22.41,93,100,12.66
510,Ryotsu,JP,2022-02-06 18:58:48,38.0833,138.4333,31.8,76,100,16.49
511,Mozarlandia,BR,2022-02-06 19:02:16,-14.7447,-50.5706,82.9,74,98,3.2
512,Tautira,PF,2022-02-06 18:57:40,-17.7333,-149.15,86.02,76,61,21.32
513,Kendari,ID,2022-02-06 19:02:16,-3.945,122.4989,78.73,82,100,8.19
514,Podgornoye,RU,2022-02-06 19:02:17,51.735,39.1496,32.22,86,100,6.71
515,Chinhoyi,ZW,2022-02-06 19:02:17,-17.3667,30.2,64.85,87,82,3.44
516,Prince George,CA,2022-02-06 19:00:30,53.9166,-122.753,40.62,73,97,3.0
517,Port Blair,IN,2022-02-06 19:02:18,11.6667,92.75,78.66,81,12,9.93
518,Sumbe,AO,2022-02-06 19:02:18,-11.2061,13.8437,75.85,79,17,9.48
519,Jining,CN,2022-02-06 19:02:19,35.405,116.5814,34.27,30,100,1.54
520,Egvekinot,RU,2022-02-06 19:02:09,66.3167,-179.1667,-14.57,83,2,7.25
521,Biltine,TD,2022-02-06 19:02:20,14.5333,20.9167,70.56,11,99,16.13
522,Snasa,NO,2022-02-06 19:02:20,64.2457,12.3778,33.21,96,100,4.32
523,Aitape,PG,2022-02-06 19:02:21,-3.1374,142.3475,77.54,88,100,3.24
524,Hukuntsi,BW,2022-02-06 19:02:21,-24.0,21.75,76.96,46,69,12.64
525,Vanimo,PG,2022-02-06 19:02:07,-2.6741,141.3028,77.63,87,100,5.12
526,Mecca,SA,2022-02-06 18:57:27,21.4267,39.8261,69.15,39,5,6.04
527,Tanout,NE,2022-02-06 19:02:22,14.9709,8.8879,67.14,11,0,11.77
528,Alofi,NU,2022-02-06 18:58:56,-19.0595,-169.9187,75.09,94,100,4.61
529,Mulege,MX,2022-02-06 19:02:23,26.8833,-111.9833,67.78,27,0,9.01
530,Shimoda,JP,2022-02-06 19:02:23,34.6667,138.95,36.1,72,50,10.58
531,Camacari,BR,2022-02-06 19:01:56,-12.6975,-38.3242,83.14,66,93,8.14
532,Nushki,PK,2022-02-06 19:02:24,29.5542,66.0215,54.0,29,57,6.46
533,Muisne,EC,2022-02-06 19:02:24,0.6,-80.0333,80.13,74,43,10.27
534,Ahipara,NZ,2022-02-06 18:59:03,-35.1667,173.1667,72.84,98,100,6.71
535,Cajati,BR,2022-02-06 19:02:25,-24.7361,-48.1228,79.12,93,100,2.57
536,Belawan,ID,2022-02-06 19:02:25,3.7755,98.6832,79.09,89,100,1.79
537,Ziarat,PK,2022-02-06 19:01:45,30.3823,67.7282,35.04,57,7,3.78
538,Sindou,BF,2022-02-06 19:02:26,10.6667,-5.1667,82.56,12,0,3.96
539,Evansville,US,2022-02-06 19:01:55,37.9748,-87.5558,39.07,63,0,5.01
540,Westport,US,2022-02-06 19:01:01,41.1415,-73.3579,32.05,59,99,1.01
541,Florida,US,2022-02-06 19:02:27,28.7505,-82.5001,61.09,91,100,1.01
542,Inta,RU,2022-02-06 19:02:27,66.0317,60.1659,-1.93,91,51,5.3
543,Coquimbo,CL,2022-02-06 19:02:28,-29.9533,-71.3436,69.73,67,41,5.99
544,Boyuibe,BO,2022-02-06 19:02:28,-20.4167,-63.2833,79.92,46,72,6.49
545,Taft,IR,2022-02-06 19:02:29,31.7471,54.2088,39.15,22,0,4.61
546,Banda,IN,2022-02-06 19:02:29,25.4833,80.3333,54.21,56,0,5.55
547,Oyama,JP,2022-02-06 19:02:17,36.3,139.8,37.58,37,0,9.69
548,Menongue,AO,2022-02-06 19:03:30,-14.6585,17.691,59.92,88,100,4.68
549,Dakoro,NE,2022-02-06 19:03:30,14.5106,6.765,70.75,11,0,11.32
550,Namatanai,PG,2022-02-06 19:03:31,-3.6667,152.4333,79.36,79,19,3.33
551,Hamina,FI,2022-02-06 19:03:31,60.5697,27.1979,33.08,98,100,13.69
552,Baykit,RU,2022-02-06 19:03:32,61.67,96.37,-6.41,100,100,2.53
553,Aktanysh,RU,2022-02-06 19:03:32,55.7216,54.0829,7.97,98,99,2.21
554,Tsiroanomandidy,MG,2022-02-06 19:03:33,-18.7667,46.0333,66.97,96,100,5.28
555,Denpasar,ID,2022-02-06 19:00:14,-8.65,115.2167,78.46,94,20,1.14
556,Tha Bo,TH,2022-02-06 19:03:33,17.85,102.5814,68.86,99,76,2.1
557,Kindersley,CA,2022-02-06 19:01:50,51.4668,-109.1682,34.03,93,100,7.94
558,Nanning,CN,2022-02-06 19:03:34,22.8167,108.3167,54.3,94,100,2.46
559,Ostersund,SE,2022-02-06 19:02:06,63.1792,14.6357,22.6,93,100,1.14
560,Gloversville,US,2022-02-06 19:03:35,43.0528,-74.3438,24.15,59,0,7.0
561,Olafsvik,IS,2022-02-06 19:03:35,64.8945,-23.7142,28.08,70,100,16.98
